Ref,Val,Package,PosX,PosY,Rot,Side
"C14","100n","C_0402_1005Metric",10.500000,-46.000000,90.000000,bottom
"C15","10u","C_0603_1608Metric",13.000000,-46.000000,90.000000,bottom
"U10","E22-900M22S","E22_900M22S",18.000000,-30.000000,0.000000,bottom
